Gene	weighted_cS2G_score	filename	pheno	uniqTP
BTG4	1.0	locus_GCST011521-11_111513701_T_G_credset.cred1.rsid_mapped.cS2G_scores.txt	Urate	UrateBTG4
IGFBP3	1.0	locus_GCST011520-7_45969540_G_A_credset.cred1.rsid_mapped.cS2G_scores.txt	IGF1	IGF1IGFBP3
BEND3	1.0	locus_GCST011520-6_107099312_A_C_credset.cred1.rsid_mapped.cS2G_scores.txt	IGF1	IGF1BEND3
GHSR	0.982	locus_GCST011520-3_172447937_C_T_credset.cred1.rsid_mapped.cS2G_scores.txt	IGF1	IGF1GHSR
INSM1	1.0	locus_GCST011520-20_20363699_A_G_credset.cred1.rsid_mapped.cS2G_scores.txt	IGF1	IGF1INSM1
SLC22A11	1.0	locus_GCST011521-11_64561634_T_C_credset.cred1.rsid_mapped.cS2G_scores.txt	Urate	UrateSLC22A11
CYP3A7	1.0	locus_GCST011519-7_99735325_T_G_credset.cred1.rsid_mapped.cS2G_scores.txt	Test_female	Test_femaleCYP3A7
ORAOV1	1.0	locus_GCST011521-11_69667323_C_A_credset.cred1.rsid_mapped.cS2G_scores.txt	Urate	UrateORAOV1
FGF9	1.0	locus_GCST011519-13_21744367_G_C_credset.cred1.rsid_mapped.cS2G_scores.txt	Test_female	Test_femaleFGF9
LINC00222	0.798	locus_GCST011520-6_108666981_G_A_credset.cred1.rsid_mapped.cS2G_scores.txt	IGF1	IGF1LINC00222
C20orf26	1.0	locus_GCST011520-20_20087991_C_G_credset.cred1.rsid_mapped.cS2G_scores.txt	IGF1	IGF1C20orf26
HNF1A	0.502	locus_GCST011520-12_120979061_C_T_credset.cred1.rsid_mapped.cS2G_scores.txt	IGF1	IGF1HNF1A
SOAT1	1.0	locus_GCST011520-1_179372864_T_G_credset.cred1.rsid_mapped.cS2G_scores.txt	IGF1	IGF1SOAT1
C10orf32	1.0	locus_GCST011519-10_102863296_C_G_credset.cred1.rsid_mapped.cS2G_scores.txt	Test_female	Test_femaleC10orf32
PDZK1	1.0	locus_GCST011521-1_145711327_A_C_credset.cred1.rsid_mapped.cS2G_scores.txt	Urate	UratePDZK1
